id,message,predicted_topic,confidence,priority,priority_score,urgency,action,escalated,ambiguous,ambiguity_reason,follow_up_questions,customer_reply,llm_topic,llm_priority,llm_escalate,escalation_reason,status,error
1,"Wesentlicher Sicherheitsvorfall Sehr geehrtes Support-Team, ich möchte einen gravierenden Sicherheitsvorfall melden, der gegenwärtig mehrere Komponenten unserer Infrastruktur betrifft. Betroffene Geräte umfassen Projektoren, Bildschirme und Speicherlösungen auf Cloud-Plattformen. Der Grund für die Annahme ist, dass der Vorfall eine potenzielle Datenverletzung im Zusammenhang mit einer Cyberattacke darstellt, was ein erhebliches Risiko für sensible Informationen und den laufenden Geschäftsbetrieb unserer Organisation bedeutet. Unsere initialen Untersuchungen haben ungewöhnliche Aktivitäten und Abweichungen bei den Geräten ergeben. Trotz der Umsetzung unserer standardisierten Behebungs- und Eindämmungsmaßnahmen konnte die Bedrohung bislang nicht vollständig eliminiert.",Other,0.3295,medium,0.5004,0.7007,escalate to human supervisor,True,True,"The ticket describes a potential security incident but lacks specific details about the affected systems, the nature of the breach, and the exact impact on the organization.","Können Sie bitte nennen, welche spezifischen Cloud-Plattformen und Geräte betroffen sind? | Welche Art von Daten wurden möglicherweise kompromittiert und in welchem Umfang? | Haben Sie bereits mit externen Sicherheitsdienstleistern oder der Polizei gesprochen?","Vielen Dank für Ihre Meldung. Um die Situation besser beurteilen und entsprechende Maßnahmen ergreifen zu können, benötigen wir einige zusätzliche Informationen: Können Sie bitte nennen, welche spezifischen Cloud-Plattformen und Geräte betroffen sind? Welche Art von Daten wurden möglicherweise kompromittiert und in welchem Umfang? Haben Sie bereits mit externen Sicherheitsdienstleistern oder der Polizei gesprochen?",Other,high,True,"Der Vorfall wird als potenzieller Sicherheitsvorfall mit erheblichem Risiko für sensible Daten und den Geschäftsbetrieb bewertet, was eine sofortige Eskalation erfordert.",ok,
2,"Anfrage nach detaillierten Angaben zur Systemarchitektur der Plattform Sehr geehrtes Kundensupport-Team, ich hoffe, diese Nachricht trifft Sie wohl. Ich nehme Kontakt auf, um umfassende Informationen zur Architektur der Plattform zu erfragen. Das Verständnis der zugrunde liegenden Struktur, Komponenten und deren Zusammenhänge ist entscheidend, um eine reibungslose Integration zu gewährleisten und die Nutzung der Dienste zu optimieren. Besonders interessieren mich Details zu den Kernmodulen der Plattform, Datenströmen, Sicherheitsmaßnahmen, Skalierbarkeitsmerkmalen sowie verfügbaren APIs und Schnittstellen zur Anpassung. Zudem wären Einblicke in den Technologiestack sowie die Bereitstellungsumgebung sehr hilfreich. Der Zugriff auf diese Informationen ermöglicht es dem technischen Team, die Infrastrukturprozesse besser zu planen und zu steuern.",Other,0.3694,medium,0.6105,0.8842,ask customer for more information,False,True,The ticket is unclear about the exact nature of the request and whether it relates to a technical inquiry or another topic. It also lacks specific details about the customer's context or the system in question.,"Können Sie bitte nennen, welche spezifische Plattform oder Systemarchitektur Sie beziehen? | Welche Art von Integration oder Anpassung planen Sie konkret? | Hat dieser Antrag bereits mit einem bestimmten Supportteam oder Entwicklerteam zu tun?","Vielen Dank für Ihre Anfrage. Um Ihre Anforderungen besser verstehen und unterstützen zu können, möchten wir einige weitere Informationen: Können Sie bitte nennen, welche spezifische Plattform oder Systemarchitektur Sie beziehen? Welche Art von Integration oder Anpassung planen Sie konkret? Hat dieser Antrag bereits mit einem bestimmten Supportteam oder Entwicklerteam zu tun?",Technical,medium,False,"Keine Sicherheits- oder Datenbruchmeldung, keine Auswirkungen auf viele Nutzer.",ok,
3,"Anfrage zur Klärung der Auswirkungen eines Serviceausfalls Sehr geehrtes Kundendienstteam, ich hoffe, diese Nachricht erreicht Sie wohlbehalten. Ich schreibe, um eine Klärung bezüglich des kürzlichen Ausfalls Ihres Dienstes zu bitten, der die Plattform betroffen hat. Nutzer, die auf Ihre Dienste angewiesen sind, benötigen klare Informationen, um die betrieblichen Abläufe planen zu können, und es ist wichtig, den Umfang sowie die Folgen des Ausfalls genau zu verstehen. Könnten Sie bitte detaillierte Angaben zum Zeitraum des Ausfalls, welche Dienste betroffen waren und ob dabei Daten kompromittiert oder verloren gegangen sind, bereitstellen? Zudem würde ich mich über aktuelle Informationen zu den Maßnahmen freuen, die ergriffen wurden, um zukünftige Vorfälle zu verhindern. Vielen Dank für Ihre Unterstützung und die Klärung der Details.",Technical,0.4157,high,0.7177,0.8628,escalate to human supervisor,True,False,,,,Technical,high,True,"The ticket concerns a service outage affecting users and data integrity, which is a high-impact technical issue requiring escalation.",ok,
4,"Issue with SaaS Platform Functionality Sehr geehrtes Support-Team, ich möchte Sie auf einen Ausfall der Funktionen unserer SaaS-Plattform aufmerksam machen, den wir momentan erleben. In den letzten Stunden sind mehrere zentrale Features der Plattform langsamer geworden, was die Arbeitsabläufe erheblich beeinträchtigt und die Produktivität verringert. Besonders betroffen sind die Ladezeiten der Dashboards, es gibt Inkonsistenzen bei der Daten-Synchronisation sowie gelegentliche Fehler im Benutzer-Authentifizierungsprozess. Trotz Versuchen, die Anwendung neu zu starten und den Browser-Cache zu leeren, bestehen die Probleme weiterhin. Da die Plattform für unsere täglichen Geschäftsprozesse unverzichtbar ist, bitten wir um eine schnelle Bearbeitung dieses Anliegens. Könnten Sie uns bitte Unterstützung bieten?",Technical,0.9919,high,0.7601,0.9336,escalate to human supervisor,True,False,,,,Technical,high,True,"Der Ausfall der SaaS-Plattform betrifft kritische Geschäftsprozesse und ist bereits als Hochpriorität eingestuft. Es handelt sich um eine technische Störung, die eine schnelle Reaktion erfordert.",ok,
5,"Verbindungsstörung Sehr geehrtes Support-Team, ich möchte ein Verbindungsproblem melden, das meinen Account im Management Hub betrifft. Trotz mehrmaliger Versuche, auf den Hub zuzugreifen, wird die effiziente Verwaltung meines Kontos behindert. Das Problem besteht bereits seit einiger Zeit. Ich habe grundlegende Fehlerbehebungsmaßnahmen wie Neustart des Geräts und Überprüfung der Internetverbindung durchgeführt, jedoch ohne Erfolg. Ich würde eine schnelle Unterstützung bei der Diagnose und Lösung des Problems sehr schätzen, um den vollen Zugriff auf den Management Hub wiederzuerlangen. Bitte informieren Sie mich.",Technical,0.9753,high,0.6675,0.7792,escalate to human supervisor,True,False,,,,Technical,high,True,"Die Beschreibung deutet auf eine technische Störung im Management Hub hin, die den Zugriff auf das Konto beeinträchtigt. Da die Ursache nicht eindeutig ist und der Support schnell handeln muss, wird eine Escalation empfohlen.",ok,
6,"Anfrage zu Sicherheitsvorkehrungen Sehr geehrter Kundendienst, ich bitte um umfassende Details zu den Sicherheitsmaßnahmen bei EMR PACS-Integrationen mit IoT-Medizinprodukten. Besonders wichtig sind mir die Einhaltung von Compliance-Standards, der Schutz der Privatsphäre der Patienten sowie der Datenschutz. Könnten Sie außerdem Einblicke in Ihre 24 7-Incident-Response-Protokolle geben? Ich möchte wissen, wie Ihr Team schnell und effizient auf potenzielle Sicherheitsgefahren reagiert, um die Zuverlässigkeit Ihrer Dienste einschätzen zu können. Bitte fügen Sie auch Zertifizierungen und regulatorische Rahmenwerke bei, die Ihre Lösungen erfüllen, beispielsweise HIPAA oder GDPR. Eine Beschreibung Ihrer Überwachungssysteme und Reaktionsstrategien wäre ebenfalls sehr hilfreich.",Contract,0.5524,high,0.719,0.9316,escalate to human supervisor,True,True,"The ticket discusses security measures, compliance standards, and incident response protocols, which are more aligned with technical and security topics rather than contract-related issues. The request for certifications like HIPAA and GDPR also suggests a focus on compliance and data protection, which may fall under technical or other categories.","Können Sie bitte präzisieren, welche spezifischen Sicherheitsmaßnahmen bei EMR PACS-Integrationen mit IoT-Medizinprodukten Sie im Fokus haben? | Welche Compliance-Standards oder regulatorischen Rahmenwerke sind Sie besonders interessiert, und warum? | Können Sie uns nähere Informationen geben, welche Art von Incident-Response-Protokolle Sie im Zusammenhang mit Sicherheitsgefahren betrachten?","Vielen Dank für Ihre detaillierte Anfrage. Um Ihre Fragen präzise beantworten zu können, möchten wir wissen, welche spezifischen Sicherheitsmaßnahmen bei EMR PACS-Integrationen mit IoT-Medizinprodukten Sie im Fokus haben, welche Compliance-Standards oder regulatorischen Rahmenwerke Sie besonders interessiert, und welche Art von Incident-Response-Protokolle Sie im Zusammenhang mit Sicherheitsgefahren betrachten?",Technical,high,True,"The ticket involves security measures, compliance standards, and incident response protocols, which are critical and may have high business impact.",ok,
7,"Video Issue with Mini-Projector on Ubuntu Dear Customer Support Team, I am reaching out to report a persistent problem with my Mini-Projector during conference setup. Despite multiple troubleshooting attempts, the device s video output remains unrecognized. I suspect the issue may be related to compatibility problems with the Ubuntu 22.04 LTS operating system. To clarify: I have confirmed that both the Mini-Projector system and Ubuntu 22.04 LTS are fully updated with the latest firmware and software. Initially, there was a video output when connecting the device for the conference presentation. However, subsequent attempts have failed to produce the display. Thank you for your assistance in resolving this issue with Ubuntu 22.04 LTS. To help us better assist you, please provide the exact model of your Mini-Projector, the type of connection used (HDMI, USB-C, etc.), and confirm whether the device functions correctly with other operating systems. If possible, kindly include logs or screenshots related to the display issue from your Ubuntu system. This information will help us recommend the most effective solution.",Technical,0.7842,high,0.6841,0.8069,escalate to human supervisor,True,False,,,,Technical,high,True,The issue involves compatibility with Ubuntu 22.04 LTS and may require deeper technical investigation.,ok,
8,"SSD-Ausfall Sehr geehrter Kundendienst, ich erfahre wiederholte Fehler bei der Datenübertragung mit meiner Crucial MX500 1TB SSD. Das Problem trat kürzlich nach einem Betriebssystem-Update auf und scheint auf Kompatibilitätsprobleme hinzuweisen. Ich habe bereits mehrere Schritte zur Fehlerbehebung unternommen, darunter den Neustart des Computers, ein Firmware-Update der SSD, den Austausch des Datenkabels, doch das Problem besteht weiterhin. Die Übertragung stoppt entweder abrupt, schlägt fehl oder kann nicht erfolgreich abgeschlossen werden. Könnten Sie bitte bei der Diagnose und Lösung des Problems behilflich sein? Eine Anleitung zu empfohlenen Maßnahmen wäre sehr hilfreich.",Technical,0.542,medium,0.5584,0.5974,send to the right team,False,False,,,,Technical,medium,False,,ok,
9,"Network Connectivity Issues Sehr geehrter Support, ich wende mich an Sie, um Probleme mit der Netzwerkverbindung zu melden, die mehrere Geräte unserer Agentur betreffen. Diese Geräte verlieren sporadisch die Verbindung zum Netzwerk, was zu erheblichen Störungen in unseren Arbeitsprozessen führt. Wir vermuten, dass die Ursache in einer Fehlkonfiguration der Aruba 2530 Switches liegt, möglicherweise in Firmware-Konflikten oder beschädigtem Kabelmaterial. Um das Problem zu beheben, haben wir bereits den Switch neu gestartet, die Kabelverbindungen sorgfältig geprüft und die Gerätetreiber der betroffenen Geräte aktualisiert. Trotz dieser Maßnahmen besteht das Problem weiterhin. Angesichts der kritischen Situation",Claim,0.5839,high,0.7391,0.7652,escalate to human supervisor,True,True,"The ticket describes technical issues with network connectivity and hardware, which does not clearly fit the 'Claim' topic. It could be classified under 'Technical' instead.","Können Sie bitte genauer beschreiben, welche Aruba 2530 Switches betroffen sind und welche spezifischen Fehlermeldungen auf den Geräten auftreten? | Haben Sie bereits die Firmware-Versionen der betroffenen Switches sowie die genaue Fehlermeldung des Netzwerkproblems festgehalten? | Können Sie bestätigen, ob die Problemzeichen in einem bestimmten Zeitraum oder bei bestimmten Aktivitäten auftreten?","Sehr geehrte(r) [Name], vielen Dank für Ihre Nachricht. Um das Problem genauer einzugrenzen, könnten Sie bitte folgende Fragen beantworten: 1) Können Sie genauer beschreiben, welche Aruba 2530 Switches betroffen sind und welche spezifischen Fehlermeldungen auf den Geräten auftreten? 2) Haben Sie bereits die Firmware-Versionen der betroffenen Switches sowie die genaue Fehlermeldung des Netzwerkproblems festgehalten? 3) Können Sie bestätigen, ob die Problemzeichen in einem bestimmten Zeitraum oder bei bestimmten Aktivitäten auftreten? Vielen Dank für Ihre Unterstützung.",Technical,high,True,"The issue involves network connectivity problems affecting multiple devices and is described as critical, which may have a high business impact.",ok,
10,"Anfrage zur Kompatibilität und Sicherheitsintegration Sehr geehrtes Kundensupport-Team, ich hoffe, diese Nachricht erreicht Sie wohlbehalten. Ich möchte detaillierte Informationen bezüglich der Kompatibilität Ihrer Sicherheitsintegrationsprodukte für EMR PACS- und Telemedizin-Plattformen anfragen. Besonders interessiert mich, inwiefern Ihre Lösungen den wichtigen Gesundheitsvorschriften HIPAA, GDPR sowie ISO 27001 entsprechen. Aufgrund der kritischen Bedeutung des Einsatzes dieser Technologien im Gesundheitswesen ist es unerlässlich, die Einhaltung aller Vorschriften sowie robuste Sicherheitsmaßnahmen zu gewährleisten. Könnten Sie bitte technische Dokumentationen und Spezifikationen bereitstellen, die die Fähigkeiten Ihrer Produkte in den jeweiligen Bereichen umreißen? Zusätzlich",Other,0.3633,high,0.8288,0.9146,escalate to human supervisor,True,False,,,,Technical,high,True,"Die Anfrage bezieht sich auf Sicherheitsaspekte und Compliance in der Gesundheitsbranche, was aufgrund der kritischen Bedeutung der Technologien im Gesundheitswesen eine höhere Priorität und mögliche Eskalation erfordert.",ok,
